{
    "ARC=FPN, ENC=resnet18, AUG=all, LSS=BCEDice": [
        "../logs/log-ARC_FPN-EN_resnet18-BS_4-EP_100-LR_0.0001-AUG_all-LSS_BCEDice/version_0/checkpoints/epoch=11-step=13080.ckpt",
        {
            "IoU_mean": 0.5513796310406935,
            "Dice_mean": 0.6979881240589286,
            "Precision_mean": 0.715269556645238,
            "Recall_mean": 0.713985356804718,
            "PixelAcc_mean": 0.9768575549890539,
            "PR_AUC_mean": 0.7779579508877367
        }
    ],
    "ARC=FPN, ENC=resnet18, AUG=all, LSS=BCEWithLogitsLoss": [
        "../logs/log-ARC_FPN-EN_resnet18-BS_4-EP_100-LR_0.0001-AUG_all-LSS_BCEWithLogitsLoss/version_0/checkpoints/epoch=28-step=31610.ckpt",
        {
            "IoU_mean": 0.5502483866838634,
            "Dice_mean": 0.6935514630551307,
            "Precision_mean": 0.7780631907715698,
            "Recall_mean": 0.6563887310170343,
            "PixelAcc_mean": 0.9789407850587227,
            "PR_AUC_mean": 0.8075859116055385
        }
    ],
    "ARC=FPN, ENC=resnet18, AUG=all, LSS=DiceLoss": [
        "../logs/log-ARC_FPN-EN_resnet18-BS_4-EP_100-LR_0.0001-AUG_all-LSS_DiceLoss/version_0/checkpoints/epoch=24-step=27250.ckpt",
        {
            "IoU_mean": 0.566060967809717,
            "Dice_mean": 0.7078984050287386,
            "Precision_mean": 0.7475595683247279,
            "Recall_mean": 0.7035068975582174,
            "PixelAcc_mean": 0.9781345514464008,
            "PR_AUC_mean": 0.7733080788573331
        }
    ],
    "ARC=FPN, ENC=resnet18, AUG=double, LSS=BCEDice": [
        "../logs/log-ARC_FPN-EN_resnet18-BS_4-EP_100-LR_0.0001-AUG_double-LSS_BCEDice/version_0/checkpoints/epoch=19-step=21800.ckpt",
        {
            "IoU_mean": 0.6016493692931408,
            "Dice_mean": 0.7401552953226166,
            "Precision_mean": 0.7448551140596503,
            "Recall_mean": 0.7628460601967301,
            "PixelAcc_mean": 0.98010387563594,
            "PR_AUC_mean": 0.8217725697264647
        }
    ],
    "ARC=FPN, ENC=resnet18, AUG=double, LSS=BCEWithLogitsLoss": [
        "../logs/log-ARC_FPN-EN_resnet18-BS_4-EP_100-LR_0.0001-AUG_double-LSS_BCEWithLogitsLoss/version_0/checkpoints/epoch=16-step=18530.ckpt",
        {
            "IoU_mean": 0.5748313220231279,
            "Dice_mean": 0.7169898552970494,
            "Precision_mean": 0.7968006869480302,
            "Recall_mean": 0.6749940317482271,
            "PixelAcc_mean": 0.9800163224115194,
            "PR_AUC_mean": 0.8265822739243952
        }
    ],
    "ARC=FPN, ENC=resnet18, AUG=double, LSS=DiceLoss": [
        "../logs/log-ARC_FPN-EN_resnet18-BS_4-EP_100-LR_0.0001-AUG_double-LSS_DiceLoss/version_0/checkpoints/epoch=12-step=14170.ckpt",
        {
            "IoU_mean": 0.5553769589456584,
            "Dice_mean": 0.6974359797193704,
            "Precision_mean": 0.7643972310272334,
            "Recall_mean": 0.6759368925790459,
            "PixelAcc_mean": 0.978257091448607,
            "PR_AUC_mean": 0.7582550892594856
        }
    ],
    "ARC=FPN, ENC=resnet18, AUG=none, LSS=BCEDice": [
        "../logs/log-ARC_FPN-EN_resnet18-BS_4-EP_100-LR_0.0001-AUG_none-LSS_BCEDice/version_0/checkpoints/epoch=15-step=17440.ckpt",
        {
            "IoU_mean": 0.6221161835800089,
            "Dice_mean": 0.7557654665862992,
            "Precision_mean": 0.782785512280301,
            "Recall_mean": 0.7474817418993687,
            "PixelAcc_mean": 0.9815973040888176,
            "PR_AUC_mean": 0.8348124337800682
        }
    ],
    "ARC=FPN, ENC=resnet18, AUG=none, LSS=BCEWithLogitsLoss": [
        "../logs/log-ARC_FPN-EN_resnet18-BS_4-EP_100-LR_0.0001-AUG_none-LSS_BCEWithLogitsLoss/version_0/checkpoints/epoch=10-step=11990.ckpt",
        {
            "IoU_mean": 0.57817901722897,
            "Dice_mean": 0.7199247903462423,
            "Precision_mean": 0.7952227728210977,
            "Recall_mean": 0.6789987583273402,
            "PixelAcc_mean": 0.9799698067935769,
            "PR_AUC_mean": 0.8288064750228129
        }
    ],
    "ARC=FPN, ENC=resnet18, AUG=none, LSS=DiceLoss": [
        "../logs/log-ARC_FPN-EN_resnet18-BS_4-EP_100-LR_0.0001-AUG_none-LSS_DiceLoss/version_0/checkpoints/epoch=22-step=25070.ckpt",
        {
            "IoU_mean": 0.6176547801847672,
            "Dice_mean": 0.7517276368302444,
            "Precision_mean": 0.7902638710069839,
            "Recall_mean": 0.7357448131807989,
            "PixelAcc_mean": 0.9813707788699275,
            "PR_AUC_mean": 0.8011661000068617
        }
    ],
    "ARC=FPN, ENC=resnet18, AUG=single, LSS=BCEDice": [
        "../logs/log-ARC_FPN-EN_resnet18-BS_4-EP_100-LR_0.0001-AUG_single-LSS_BCEDice/version_0/checkpoints/epoch=18-step=20710.ckpt",
        {
            "IoU_mean": 0.6112944887409957,
            "Dice_mean": 0.7472741919219953,
            "Precision_mean": 0.7793889254473798,
            "Recall_mean": 0.7382973562653089,
            "PixelAcc_mean": 0.9808904169967991,
            "PR_AUC_mean": 0.8324334546190191
        }
    ],
    "ARC=FPN, ENC=resnet18, AUG=single, LSS=BCEWithLogitsLoss": [
        "../logs/log-ARC_FPN-EN_resnet18-BS_4-EP_100-LR_0.0001-AUG_single-LSS_BCEWithLogitsLoss/version_0/checkpoints/epoch=15-step=17440.ckpt",
        {
            "IoU_mean": 0.5903197586125573,
            "Dice_mean": 0.728294759044437,
            "Precision_mean": 0.7912879635023511,
            "Recall_mean": 0.6992834660033335,
            "PixelAcc_mean": 0.9806269894829741,
            "PR_AUC_mean": 0.8361650518526057
        }
    ],
    "ARC=FPN, ENC=resnet18, AUG=single, LSS=DiceLoss": [
        "../logs/log-ARC_FPN-EN_resnet18-BS_4-EP_100-LR_0.0001-AUG_single-LSS_DiceLoss/version_0/checkpoints/epoch=24-step=27250.ckpt",
        {
            "IoU_mean": 0.606753714673613,
            "Dice_mean": 0.7428232664205043,
            "Precision_mean": 0.7869453154101348,
            "Recall_mean": 0.7250908580247232,
            "PixelAcc_mean": 0.9807482347752946,
            "PR_AUC_mean": 0.791385551925181
        }
    ],
    "ARC=PSPNet, ENC=resnet18, AUG=all, LSS=BCEDice": [
        "../logs/log-ARC_PSPNet-EN_resnet18-BS_4-EP_100-LR_0.0001-AUG_all-LSS_BCEDice/version_0/checkpoints/epoch=27-step=30520.ckpt",
        {
            "IoU_mean": 0.48883954194660983,
            "Dice_mean": 0.6409477079289237,
            "Precision_mean": 0.6085452219539873,
            "Recall_mean": 0.7179034738462619,
            "PixelAcc_mean": 0.9697699577444978,
            "PR_AUC_mean": 0.7206157409764326
        }
    ],
    "ARC=PSPNet, ENC=resnet18, AUG=all, LSS=BCEWithLogitsLoss": [
        "../logs/log-ARC_PSPNet-EN_resnet18-BS_4-EP_100-LR_0.0001-AUG_all-LSS_BCEWithLogitsLoss/version_0/checkpoints/epoch=34-step=38150.ckpt",
        {
            "IoU_mean": 0.4614483010461777,
            "Dice_mean": 0.6120962327558835,
            "Precision_mean": 0.7080726013006144,
            "Recall_mean": 0.574216610699208,
            "PixelAcc_mean": 0.9734935934078097,
            "PR_AUC_mean": 0.717312072283599
        }
    ],
    "ARC=PSPNet, ENC=resnet18, AUG=all, LSS=DiceLoss": [
        "../logs/log-ARC_PSPNet-EN_resnet18-BS_4-EP_100-LR_0.0001-AUG_all-LSS_DiceLoss/version_0/checkpoints/epoch=23-step=26160.ckpt",
        {
            "IoU_mean": 0.44086987355103374,
            "Dice_mean": 0.5953296029662437,
            "Precision_mean": 0.6353980044223946,
            "Recall_mean": 0.5958760726103352,
            "PixelAcc_mean": 0.970325006407292,
            "PR_AUC_mean": 0.6550072761989091
        }
    ],
    "ARC=PSPNet, ENC=resnet18, AUG=double, LSS=BCEDice": [
        "../logs/log-ARC_PSPNet-EN_resnet18-BS_4-EP_100-LR_0.0001-AUG_double-LSS_BCEDice/version_0/checkpoints/epoch=19-step=21800.ckpt",
        {
            "IoU_mean": 0.5002151256896187,
            "Dice_mean": 0.6488553259443263,
            "Precision_mean": 0.7092386847678173,
            "Recall_mean": 0.6332831476232035,
            "PixelAcc_mean": 0.9745587005859361,